generic_slug,public_slug,indications,indications_bn,side_effects,side_effects_bn,contraindications,precautions,patient_advice_bn,published
paracetamol,paracetamol,Fever and mild to moderate pain.,জ্বর এবং হালকা থেকে মাঝারি ব্যথা।,Usually well tolerated. Rarely rash; liver damage in overdose.,সাধারণত নিরাপদ। কদাচিৎ র‍্যাশ; অতিরিক্ত মাত্রায় লিভারের ক্ষতি হতে পারে।,Severe liver disease; known hypersensitivity.,Do not exceed 4 g per day; count every paracetamol-containing product.,দিনে ৮টির বেশি ৫০০ মি.গ্রা. ট্যাবলেট খাবেন না। অন্য জ্বরের ওষুধেও প্যারাসিটামল থাকতে পারে।,1
ibuprofen,ibuprofen,"Pain, fever, inflammation.","ব্যথা, জ্বর, প্রদাহ।","Stomach upset, ulcer, bleeding; kidney impairment.","পেটে অস্বস্তি, আলসার, রক্তক্ষরণ।","Peptic ulcer; severe heart, kidney or liver failure; third trimester.",Take with food; shortest course possible.,খাবারের পরে খান। কালো পায়খানা হলে বন্ধ করে চিকিৎসককে জানান।,1
diclofenac,diclofenac,"Pain and inflammation of joints, muscles and after injury.",জয়েন্ট ও পেশির ব্যথা।,"Stomach upset, ulcer, bleeding; raised blood pressure.","পেটে অস্বস্তি, আলসার।",Peptic ulcer; ischaemic heart disease; third trimester.,Take with food; avoid long courses.,খাবারের পরে খান।,1
naproxen,naproxen,[dev seed] Naproxen: indications as per the current national formulary.,[dev seed] ন্যাপ্রোক্সেন: জাতীয় ফর্মুলারি অনুযায়ী ব্যবহার।,"[dev seed] Naproxen: common side effects include nausea, headache and hypersensitivity reactions; see the leaflet.","[dev seed] ন্যাপ্রোক্সেন: সাধারণ পার্শ্বপ্রতিক্রিয়া বমি ভাব, মাথাব্যথা ও অ্যালার্জি; বিস্তারিত লিফলেটে।",[dev seed] Known hypersensitivity.,[dev seed] Use only as directed by the prescriber.,[dev seed] ন্যাপ্রোক্সেন: চিকিৎসকের নির্দেশ অনুযায়ী ওষুধ খান; সমস্যা হলে যোগাযোগ করুন।,1
ketorolac,ketorolac,[dev seed] Ketorolac: indications as per the current national formulary.,[dev seed] কিটোরোল্যাক: জাতীয় ফর্মুলারি অনুযায়ী ব্যবহার।,"[dev seed] Ketorolac: common side effects include nausea, headache and hypersensitivity reactions; see the leaflet.","[dev seed] কিটোরোল্যাক: সাধারণ পার্শ্বপ্রতিক্রিয়া বমি ভাব, মাথাব্যথা ও অ্যালার্জি; বিস্তারিত লিফলেটে।",[dev seed] Known hypersensitivity.,[dev seed] Use only as directed by the prescriber.,[dev seed] কিটোরোল্যাক: চিকিৎসকের নির্দেশ অনুযায়ী ওষুধ খান; সমস্যা হলে যোগাযোগ করুন।,1
aspirin,aspirin,[dev seed] Aspirin: indications as per the current national formulary.,[dev seed] অ্যাসপিরিন: জাতীয় ফর্মুলারি অনুযায়ী ব্যবহার।,"[dev seed] Aspirin: common side effects include nausea, headache and hypersensitivity reactions; see the leaflet.","[dev seed] অ্যাসপিরিন: সাধারণ পার্শ্বপ্রতিক্রিয়া বমি ভাব, মাথাব্যথা ও অ্যালার্জি; বিস্তারিত লিফলেটে।",[dev seed] Known hypersensitivity.,[dev seed] Use only as directed by the prescriber.,[dev seed] অ্যাসপিরিন: চিকিৎসকের নির্দেশ অনুযায়ী ওষুধ খান; সমস্যা হলে যোগাযোগ করুন।,1
tramadol,tramadol,[dev seed] Tramadol: indications as per the current national formulary.,[dev seed] ট্রামাডল: জাতীয় ফর্মুলারি অনুযায়ী ব্যবহার।,"[dev seed] Tramadol: common side effects include nausea, headache and hypersensitivity reactions; see the leaflet.","[dev seed] ট্রামাডল: সাধারণ পার্শ্বপ্রতিক্রিয়া বমি ভাব, মাথাব্যথা ও অ্যালার্জি; বিস্তারিত লিফলেটে।",[dev seed] Known hypersensitivity.,[dev seed] Use only as directed by the prescriber.,[dev seed] ট্রামাডল: চিকিৎসকের নির্দেশ অনুযায়ী ওষুধ খান; সমস্যা হলে যোগাযোগ করুন।,1
omeprazole,omeprazole,"Gastric and duodenal ulcer, reflux, dyspepsia, H. pylori eradication.","পাকস্থলীর আলসার, বুক জ্বালা, গ্যাস্ট্রিক।","Headache, nausea, diarrhoea, abdominal pain. Long-term use: low magnesium, fracture risk.","মাথাব্যথা, বমি ভাব, পাতলা পায়খানা, পেট ব্যথা।",Known hypersensitivity to proton pump inhibitors.,Review the need for long-term therapy; may mask gastric cancer symptoms.,সকালে খাবারের ৩০ মিনিট আগে খান। দীর্ঘদিন খাওয়ার আগে চিকিৎসকের পরামর্শ নিন।,1
esomeprazole,esomeprazole,"Reflux, ulcer, H. pylori eradication.","বুক জ্বালা, আলসার।","Headache, diarrhoea, nausea, abdominal pain.","মাথাব্যথা, পাতলা পায়খানা, বমি ভাব।",Hypersensitivity.,Review long-term use.,সকালে খাবারের আগে খান।,1
pantoprazole,pantoprazole,"Reflux, ulcer, prevention of NSAID gastropathy.","বুক জ্বালা, আলসার।","Headache, diarrhoea, nausea.","মাথাব্যথা, পাতলা পায়খানা।",Hypersensitivity.,Review long-term use.,সকালে খাবারের আগে খান।,1
ranitidine,ranitidine,Ulcer and reflux (largely superseded by PPIs).,আলসার ও বুক জ্বালা।,"Headache, dizziness, constipation.","মাথাব্যথা, মাথা ঘোরা।",Hypersensitivity.,Check for product recalls (NDMA).,নির্দেশিত মাত্রায় খান।,1
domperidone,domperidone,"Nausea, vomiting, bloating.","বমি, পেট ফাঁপা।",Dry mouth; rarely QT prolongation.,মুখ শুকিয়ে যাওয়া।,Cardiac disease with QT prolongation; severe liver disease.,Lowest dose for the shortest time; max 1 week.,খাবারের ১৫-৩০ মিনিট আগে খান; ৭ দিনের বেশি নয়।,1
ondansetron,ondansetron,Nausea and vomiting including chemotherapy and post-operative.,বমি ও বমি ভাব।,"Headache, constipation, flushing.","মাথাব্যথা, কোষ্ঠকাঠিন্য।",Congenital long QT.,Caution with other QT-prolonging drugs.,নির্দেশিত মাত্রায় খান।,1
hyoscine-butylbromide,hyoscine-butylbromide,[dev seed] Hyoscine butylbromide: indications as per the current national formulary.,[dev seed] হায়োসিন বিউটাইলব্রোমাইড: জাতীয় ফর্মুলারি অনুযায়ী ব্যবহার।,"[dev seed] Hyoscine butylbromide: common side effects include nausea, headache and hypersensitivity reactions; see the leaflet.","[dev seed] হায়োসিন বিউটাইলব্রোমাইড: সাধারণ পার্শ্বপ্রতিক্রিয়া বমি ভাব, মাথাব্যথা ও অ্যালার্জি; বিস্তারিত লিফলেটে।",[dev seed] Known hypersensitivity.,[dev seed] Use only as directed by the prescriber.,[dev seed] হায়োসিন বিউটাইলব্রোমাইড: চিকিৎসকের নির্দেশ অনুযায়ী ওষুধ খান; সমস্যা হলে যোগাযোগ করুন।,1
amoxicillin,amoxicillin,"Bacterial infections of the ear, throat, chest, urinary tract and skin.","কান, গলা, বুক, প্রস্রাব ও ত্বকের ব্যাকটেরিয়া সংক্রমণ।","Diarrhoea, nausea, rash. Rarely severe allergic reaction.","পাতলা পায়খানা, বমি ভাব, র‍্যাশ। কদাচিৎ মারাত্মক অ্যালার্জি।",Penicillin allergy.,"Stop and seek help if rash, swelling or breathing difficulty develops.","কোর্স শেষ করুন, ভালো লাগলেও মাঝপথে বন্ধ করবেন না। র‍্যাশ বা শ্বাসকষ্ট হলে দ্রুত হাসপাতালে যান।",1
amoxicillin-clavulanic-acid,amoxicillin-clavulanic-acid,[dev seed] Amoxicillin + Clavulanic acid: indications as per the current national formulary.,[dev seed] অ্যামোক্সিসিলিন + ক্ল্যাভুল্যানিক অ্যাসিড: জাতীয় ফর্মুলারি অনুযায়ী ব্যবহার।,"[dev seed] Amoxicillin + Clavulanic acid: common side effects include nausea, headache and hypersensitivity reactions; see the leaflet.","[dev seed] অ্যামোক্সিসিলিন + ক্ল্যাভুল্যানিক অ্যাসিড: সাধারণ পার্শ্বপ্রতিক্রিয়া বমি ভাব, মাথাব্যথা ও অ্যালার্জি; বিস্তারিত লিফলেটে।",[dev seed] Known hypersensitivity.,[dev seed] Use only as directed by the prescriber.,[dev seed] অ্যামোক্সিসিলিন + ক্ল্যাভুল্যানিক অ্যাসিড: চিকিৎসকের নির্দেশ অনুযায়ী ওষুধ খান; সমস্যা হলে যোগাযোগ করুন।,1
cefixime,cefixime,[dev seed] Cefixime: indications as per the current national formulary.,[dev seed] সেফিক্সিম: জাতীয় ফর্মুলারি অনুযায়ী ব্যবহার।,"[dev seed] Cefixime: common side effects include nausea, headache and hypersensitivity reactions; see the leaflet.","[dev seed] সেফিক্সিম: সাধারণ পার্শ্বপ্রতিক্রিয়া বমি ভাব, মাথাব্যথা ও অ্যালার্জি; বিস্তারিত লিফলেটে।",[dev seed] Known hypersensitivity.,[dev seed] Use only as directed by the prescriber.,[dev seed] সেফিক্সিম: চিকিৎসকের নির্দেশ অনুযায়ী ওষুধ খান; সমস্যা হলে যোগাযোগ করুন।,1
cefuroxime,cefuroxime,[dev seed] Cefuroxime: indications as per the current national formulary.,[dev seed] সেফুরক্সিম: জাতীয় ফর্মুলারি অনুযায়ী ব্যবহার।,"[dev seed] Cefuroxime: common side effects include nausea, headache and hypersensitivity reactions; see the leaflet.","[dev seed] সেফুরক্সিম: সাধারণ পার্শ্বপ্রতিক্রিয়া বমি ভাব, মাথাব্যথা ও অ্যালার্জি; বিস্তারিত লিফলেটে।",[dev seed] Known hypersensitivity.,[dev seed] Use only as directed by the prescriber.,[dev seed] সেফুরক্সিম: চিকিৎসকের নির্দেশ অনুযায়ী ওষুধ খান; সমস্যা হলে যোগাযোগ করুন।,1
ceftriaxone,ceftriaxone,[dev seed] Ceftriaxone: indications as per the current national formulary.,[dev seed] সেফট্রিয়াক্সন: জাতীয় ফর্মুলারি অনুযায়ী ব্যবহার।,"[dev seed] Ceftriaxone: common side effects include nausea, headache and hypersensitivity reactions; see the leaflet.","[dev seed] সেফট্রিয়াক্সন: সাধারণ পার্শ্বপ্রতিক্রিয়া বমি ভাব, মাথাব্যথা ও অ্যালার্জি; বিস্তারিত লিফলেটে।",[dev seed] Known hypersensitivity.,[dev seed] Use only as directed by the prescriber.,[dev seed] সেফট্রিয়াক্সন: চিকিৎসকের নির্দেশ অনুযায়ী ওষুধ খান; সমস্যা হলে যোগাযোগ করুন।,1
azithromycin,azithromycin,"Respiratory, skin and sexually transmitted infections; typhoid.","শ্বাসনালী, ত্বকের সংক্রমণ ও টাইফয়েড।","Nausea, diarrhoea, abdominal pain; rarely QT prolongation.","বমি ভাব, পাতলা পায়খানা, পেট ব্যথা।",Macrolide allergy; severe liver disease.,Caution with other QT-prolonging drugs.,খালি পেটে বা খাবারের ১ ঘণ্টা আগে খান। কোর্স সম্পূর্ণ করুন।,1
doxycycline,doxycycline,[dev seed] Doxycycline: indications as per the current national formulary.,[dev seed] ডক্সিসাইক্লিন: জাতীয় ফর্মুলারি অনুযায়ী ব্যবহার।,"[dev seed] Doxycycline: common side effects include nausea, headache and hypersensitivity reactions; see the leaflet.","[dev seed] ডক্সিসাইক্লিন: সাধারণ পার্শ্বপ্রতিক্রিয়া বমি ভাব, মাথাব্যথা ও অ্যালার্জি; বিস্তারিত লিফলেটে।",[dev seed] Known hypersensitivity.,[dev seed] Use only as directed by the prescriber.,[dev seed] ডক্সিসাইক্লিন: চিকিৎসকের নির্দেশ অনুযায়ী ওষুধ খান; সমস্যা হলে যোগাযোগ করুন।,1
ciprofloxacin,ciprofloxacin,"Urinary, gastrointestinal and typhoid infections.","প্রস্রাব, পেটের সংক্রমণ ও টাইফয়েড।","Nausea, diarrhoea, tendon pain, photosensitivity.","বমি ভাব, পাতলা পায়খানা, টেন্ডনে ব্যথা।",Quinolone allergy; children unless essential.,Stop at first sign of tendon pain; avoid excessive sunlight.,প্রচুর পানি পান করুন। দুধ বা অ্যান্টাসিডের সাথে খাবেন না।,1
levofloxacin,levofloxacin,[dev seed] Levofloxacin: indications as per the current national formulary.,[dev seed] লেভোফ্লক্সাসিন: জাতীয় ফর্মুলারি অনুযায়ী ব্যবহার।,"[dev seed] Levofloxacin: common side effects include nausea, headache and hypersensitivity reactions; see the leaflet.","[dev seed] লেভোফ্লক্সাসিন: সাধারণ পার্শ্বপ্রতিক্রিয়া বমি ভাব, মাথাব্যথা ও অ্যালার্জি; বিস্তারিত লিফলেটে।",[dev seed] Known hypersensitivity.,[dev seed] Use only as directed by the prescriber.,[dev seed] লেভোফ্লক্সাসিন: চিকিৎসকের নির্দেশ অনুযায়ী ওষুধ খান; সমস্যা হলে যোগাযোগ করুন।,1
moxifloxacin,moxifloxacin,[dev seed] Moxifloxacin: indications as per the current national formulary.,[dev seed] মক্সিফ্লক্সাসিন: জাতীয় ফর্মুলারি অনুযায়ী ব্যবহার।,"[dev seed] Moxifloxacin: common side effects include nausea, headache and hypersensitivity reactions; see the leaflet.","[dev seed] মক্সিফ্লক্সাসিন: সাধারণ পার্শ্বপ্রতিক্রিয়া বমি ভাব, মাথাব্যথা ও অ্যালার্জি; বিস্তারিত লিফলেটে।",[dev seed] Known hypersensitivity.,[dev seed] Use only as directed by the prescriber.,[dev seed] মক্সিফ্লক্সাসিন: চিকিৎসকের নির্দেশ অনুযায়ী ওষুধ খান; সমস্যা হলে যোগাযোগ করুন।,1
metronidazole,metronidazole,"Amoebiasis, giardiasis, anaerobic and dental infections.","আমাশয়, দাঁতের ও অ্যানারোবিক সংক্রমণ।","Metallic taste, nausea; disulfiram-like reaction with alcohol.","মুখে ধাতব স্বাদ, বমি ভাব।",First trimester (high dose); hypersensitivity.,No alcohol during and 48 h after the course.,কোর্সের সময় ও পরের ২ দিন মদ্যপান করবেন না।,1
cotrimoxazole,cotrimoxazole,[dev seed] Cotrimoxazole: indications as per the current national formulary.,[dev seed] কোট্রাইমক্সাজল: জাতীয় ফর্মুলারি অনুযায়ী ব্যবহার।,"[dev seed] Cotrimoxazole: common side effects include nausea, headache and hypersensitivity reactions; see the leaflet.","[dev seed] কোট্রাইমক্সাজল: সাধারণ পার্শ্বপ্রতিক্রিয়া বমি ভাব, মাথাব্যথা ও অ্যালার্জি; বিস্তারিত লিফলেটে।",[dev seed] Known hypersensitivity.,[dev seed] Use only as directed by the prescriber.,[dev seed] কোট্রাইমক্সাজল: চিকিৎসকের নির্দেশ অনুযায়ী ওষুধ খান; সমস্যা হলে যোগাযোগ করুন।,1
nitrofurantoin,nitrofurantoin,[dev seed] Nitrofurantoin: indications as per the current national formulary.,[dev seed] নাইট্রোফিউরানটয়েন: জাতীয় ফর্মুলারি অনুযায়ী ব্যবহার।,"[dev seed] Nitrofurantoin: common side effects include nausea, headache and hypersensitivity reactions; see the leaflet.","[dev seed] নাইট্রোফিউরানটয়েন: সাধারণ পার্শ্বপ্রতিক্রিয়া বমি ভাব, মাথাব্যথা ও অ্যালার্জি; বিস্তারিত লিফলেটে।",[dev seed] Known hypersensitivity.,[dev seed] Use only as directed by the prescriber.,[dev seed] নাইট্রোফিউরানটয়েন: চিকিৎসকের নির্দেশ অনুযায়ী ওষুধ খান; সমস্যা হলে যোগাযোগ করুন।,1
fluconazole,fluconazole,[dev seed] Fluconazole: indications as per the current national formulary.,[dev seed] ফ্লুকোনাজল: জাতীয় ফর্মুলারি অনুযায়ী ব্যবহার।,"[dev seed] Fluconazole: common side effects include nausea, headache and hypersensitivity reactions; see the leaflet.","[dev seed] ফ্লুকোনাজল: সাধারণ পার্শ্বপ্রতিক্রিয়া বমি ভাব, মাথাব্যথা ও অ্যালার্জি; বিস্তারিত লিফলেটে।",[dev seed] Known hypersensitivity.,[dev seed] Use only as directed by the prescriber.,[dev seed] ফ্লুকোনাজল: চিকিৎসকের নির্দেশ অনুযায়ী ওষুধ খান; সমস্যা হলে যোগাযোগ করুন।,1
clotrimazole,clotrimazole,[dev seed] Clotrimazole: indications as per the current national formulary.,[dev seed] ক্লোট্রাইমাজল: জাতীয় ফর্মুলারি অনুযায়ী ব্যবহার।,"[dev seed] Clotrimazole: common side effects include nausea, headache and hypersensitivity reactions; see the leaflet.","[dev seed] ক্লোট্রাইমাজল: সাধারণ পার্শ্বপ্রতিক্রিয়া বমি ভাব, মাথাব্যথা ও অ্যালার্জি; বিস্তারিত লিফলেটে।",[dev seed] Known hypersensitivity.,[dev seed] Use only as directed by the prescriber.,[dev seed] ক্লোট্রাইমাজল: চিকিৎসকের নির্দেশ অনুযায়ী ওষুধ খান; সমস্যা হলে যোগাযোগ করুন।,1
albendazole,albendazole,[dev seed] Albendazole: indications as per the current national formulary.,[dev seed] অ্যালবেনডাজল: জাতীয় ফর্মুলারি অনুযায়ী ব্যবহার।,"[dev seed] Albendazole: common side effects include nausea, headache and hypersensitivity reactions; see the leaflet.","[dev seed] অ্যালবেনডাজল: সাধারণ পার্শ্বপ্রতিক্রিয়া বমি ভাব, মাথাব্যথা ও অ্যালার্জি; বিস্তারিত লিফলেটে।",[dev seed] Known hypersensitivity.,[dev seed] Use only as directed by the prescriber.,[dev seed] অ্যালবেনডাজল: চিকিৎসকের নির্দেশ অনুযায়ী ওষুধ খান; সমস্যা হলে যোগাযোগ করুন।,1
cetirizine,cetirizine,"Allergic rhinitis, urticaria, itching.","অ্যালার্জি, হাঁচি, চুলকানি।","Drowsiness, dry mouth, headache.","ঝিমুনি, মুখ শুকিয়ে যাওয়া, মাথাব্যথা।",End-stage renal disease.,May impair driving.,ঘুম ঘুম লাগতে পারে; গাড়ি চালানোর সময় সতর্ক থাকুন।,1
loratadine,loratadine,[dev seed] Loratadine: indications as per the current national formulary.,[dev seed] লোরাটাডিন: জাতীয় ফর্মুলারি অনুযায়ী ব্যবহার।,"[dev seed] Loratadine: common side effects include nausea, headache and hypersensitivity reactions; see the leaflet.","[dev seed] লোরাটাডিন: সাধারণ পার্শ্বপ্রতিক্রিয়া বমি ভাব, মাথাব্যথা ও অ্যালার্জি; বিস্তারিত লিফলেটে।",[dev seed] Known hypersensitivity.,[dev seed] Use only as directed by the prescriber.,[dev seed] লোরাটাডিন: চিকিৎসকের নির্দেশ অনুযায়ী ওষুধ খান; সমস্যা হলে যোগাযোগ করুন।,1
fexofenadine,fexofenadine,[dev seed] Fexofenadine: indications as per the current national formulary.,[dev seed] ফেক্সোফেনাডিন: জাতীয় ফর্মুলারি অনুযায়ী ব্যবহার।,"[dev seed] Fexofenadine: common side effects include nausea, headache and hypersensitivity reactions; see the leaflet.","[dev seed] ফেক্সোফেনাডিন: সাধারণ পার্শ্বপ্রতিক্রিয়া বমি ভাব, মাথাব্যথা ও অ্যালার্জি; বিস্তারিত লিফলেটে।",[dev seed] Known hypersensitivity.,[dev seed] Use only as directed by the prescriber.,[dev seed] ফেক্সোফেনাডিন: চিকিৎসকের নির্দেশ অনুযায়ী ওষুধ খান; সমস্যা হলে যোগাযোগ করুন।,1
chlorpheniramine,chlorpheniramine,[dev seed] Chlorpheniramine: indications as per the current national formulary.,[dev seed] ক্লোরফেনিরামিন: জাতীয় ফর্মুলারি অনুযায়ী ব্যবহার।,"[dev seed] Chlorpheniramine: common side effects include nausea, headache and hypersensitivity reactions; see the leaflet.","[dev seed] ক্লোরফেনিরামিন: সাধারণ পার্শ্বপ্রতিক্রিয়া বমি ভাব, মাথাব্যথা ও অ্যালার্জি; বিস্তারিত লিফলেটে।",[dev seed] Known hypersensitivity.,[dev seed] Use only as directed by the prescriber.,[dev seed] ক্লোরফেনিরামিন: চিকিৎসকের নির্দেশ অনুযায়ী ওষুধ খান; সমস্যা হলে যোগাযোগ করুন।,1
montelukast,montelukast,Asthma prophylaxis; allergic rhinitis.,হাঁপানি প্রতিরোধ; অ্যালার্জিক রাইনাইটিস।,"Headache, abdominal pain; rarely mood or sleep changes.","মাথাব্যথা, পেট ব্যথা; কদাচিৎ মেজাজ পরিবর্তন।",Hypersensitivity.,Not for relief of an acute asthma attack.,"রাতে খান। হঠাৎ শ্বাসকষ্টে এটি কাজ করে না, রিলিভার ইনহেলার ব্যবহার করুন।",1
salbutamol,salbutamol,Asthma and COPD: relief of bronchospasm.,হাঁপানি ও সিওপিডি: শ্বাসকষ্ট উপশম।,"Tremor, palpitations, headache, low potassium at high doses.","হাত কাঁপা, বুক ধড়ফড়, মাথাব্যথা।",Hypersensitivity.,Increasing need for the reliever means the asthma is not controlled.,ইনহেলার ব্যবহারের সঠিক পদ্ধতি শিখে নিন। বারবার লাগলে চিকিৎসককে জানান।,1
salmeterol-fluticasone,salmeterol-fluticasone,[dev seed] Salmeterol + Fluticasone: indications as per the current national formulary.,[dev seed] সালমেটেরল + ফ্লুটিকাসন: জাতীয় ফর্মুলারি অনুযায়ী ব্যবহার।,"[dev seed] Salmeterol + Fluticasone: common side effects include nausea, headache and hypersensitivity reactions; see the leaflet.","[dev seed] সালমেটেরল + ফ্লুটিকাসন: সাধারণ পার্শ্বপ্রতিক্রিয়া বমি ভাব, মাথাব্যথা ও অ্যালার্জি; বিস্তারিত লিফলেটে।",[dev seed] Known hypersensitivity.,[dev seed] Use only as directed by the prescriber.,[dev seed] সালমেটেরল + ফ্লুটিকাসন: চিকিৎসকের নির্দেশ অনুযায়ী ওষুধ খান; সমস্যা হলে যোগাযোগ করুন।,1
budesonide,budesonide,[dev seed] Budesonide: indications as per the current national formulary.,[dev seed] বুডেসোনাইড: জাতীয় ফর্মুলারি অনুযায়ী ব্যবহার।,"[dev seed] Budesonide: common side effects include nausea, headache and hypersensitivity reactions; see the leaflet.","[dev seed] বুডেসোনাইড: সাধারণ পার্শ্বপ্রতিক্রিয়া বমি ভাব, মাথাব্যথা ও অ্যালার্জি; বিস্তারিত লিফলেটে।",[dev seed] Known hypersensitivity.,[dev seed] Use only as directed by the prescriber.,[dev seed] বুডেসোনাইড: চিকিৎসকের নির্দেশ অনুযায়ী ওষুধ খান; সমস্যা হলে যোগাযোগ করুন।,1
xylometazoline,xylometazoline,[dev seed] Xylometazoline: indications as per the current national formulary.,[dev seed] জাইলোমেটাজোলিন: জাতীয় ফর্মুলারি অনুযায়ী ব্যবহার।,"[dev seed] Xylometazoline: common side effects include nausea, headache and hypersensitivity reactions; see the leaflet.","[dev seed] জাইলোমেটাজোলিন: সাধারণ পার্শ্বপ্রতিক্রিয়া বমি ভাব, মাথাব্যথা ও অ্যালার্জি; বিস্তারিত লিফলেটে।",[dev seed] Known hypersensitivity.,[dev seed] Use only as directed by the prescriber.,[dev seed] জাইলোমেটাজোলিন: চিকিৎসকের নির্দেশ অনুযায়ী ওষুধ খান; সমস্যা হলে যোগাযোগ করুন।,1
prednisolone,prednisolone,[dev seed] Prednisolone: indications as per the current national formulary.,[dev seed] প্রেডনিসোলন: জাতীয় ফর্মুলারি অনুযায়ী ব্যবহার।,"[dev seed] Prednisolone: common side effects include nausea, headache and hypersensitivity reactions; see the leaflet.","[dev seed] প্রেডনিসোলন: সাধারণ পার্শ্বপ্রতিক্রিয়া বমি ভাব, মাথাব্যথা ও অ্যালার্জি; বিস্তারিত লিফলেটে।",[dev seed] Known hypersensitivity.,[dev seed] Use only as directed by the prescriber.,[dev seed] প্রেডনিসোলন: চিকিৎসকের নির্দেশ অনুযায়ী ওষুধ খান; সমস্যা হলে যোগাযোগ করুন।,1
dexamethasone,dexamethasone,[dev seed] Dexamethasone: indications as per the current national formulary.,[dev seed] ডেক্সামেথাসন: জাতীয় ফর্মুলারি অনুযায়ী ব্যবহার।,"[dev seed] Dexamethasone: common side effects include nausea, headache and hypersensitivity reactions; see the leaflet.","[dev seed] ডেক্সামেথাসন: সাধারণ পার্শ্বপ্রতিক্রিয়া বমি ভাব, মাথাব্যথা ও অ্যালার্জি; বিস্তারিত লিফলেটে।",[dev seed] Known hypersensitivity.,[dev seed] Use only as directed by the prescriber.,[dev seed] ডেক্সামেথাসন: চিকিৎসকের নির্দেশ অনুযায়ী ওষুধ খান; সমস্যা হলে যোগাযোগ করুন।,1
betamethasone,betamethasone,[dev seed] Betamethasone: indications as per the current national formulary.,[dev seed] বিটামেথাসন: জাতীয় ফর্মুলারি অনুযায়ী ব্যবহার।,"[dev seed] Betamethasone: common side effects include nausea, headache and hypersensitivity reactions; see the leaflet.","[dev seed] বিটামেথাসন: সাধারণ পার্শ্বপ্রতিক্রিয়া বমি ভাব, মাথাব্যথা ও অ্যালার্জি; বিস্তারিত লিফলেটে।",[dev seed] Known hypersensitivity.,[dev seed] Use only as directed by the prescriber.,[dev seed] বিটামেথাসন: চিকিৎসকের নির্দেশ অনুযায়ী ওষুধ খান; সমস্যা হলে যোগাযোগ করুন।,1
metformin,metformin,Type 2 diabetes mellitus.,টাইপ ২ ডায়াবেটিস।,"Nausea, diarrhoea, metallic taste; rarely lactic acidosis.","বমি ভাব, পাতলা পায়খানা, মুখে ধাতব স্বাদ।",eGFR below 30 ml/min; acute illness with dehydration; severe liver disease.,Stop temporarily during contrast studies and severe vomiting or diarrhoea.,খাবারের সাথে বা পরে খান। বমি বা পাতলা পায়খানা হলে চিকিৎসককে জানান।,1
glimepiride,glimepiride,[dev seed] Glimepiride: indications as per the current national formulary.,[dev seed] গ্লিমেপিরাইড: জাতীয় ফর্মুলারি অনুযায়ী ব্যবহার।,"[dev seed] Glimepiride: common side effects include nausea, headache and hypersensitivity reactions; see the leaflet.","[dev seed] গ্লিমেপিরাইড: সাধারণ পার্শ্বপ্রতিক্রিয়া বমি ভাব, মাথাব্যথা ও অ্যালার্জি; বিস্তারিত লিফলেটে।",[dev seed] Known hypersensitivity.,[dev seed] Use only as directed by the prescriber.,[dev seed] গ্লিমেপিরাইড: চিকিৎসকের নির্দেশ অনুযায়ী ওষুধ খান; সমস্যা হলে যোগাযোগ করুন।,1
gliclazide,gliclazide,[dev seed] Gliclazide: indications as per the current national formulary.,[dev seed] গ্লিক্লাজাইড: জাতীয় ফর্মুলারি অনুযায়ী ব্যবহার।,"[dev seed] Gliclazide: common side effects include nausea, headache and hypersensitivity reactions; see the leaflet.","[dev seed] গ্লিক্লাজাইড: সাধারণ পার্শ্বপ্রতিক্রিয়া বমি ভাব, মাথাব্যথা ও অ্যালার্জি; বিস্তারিত লিফলেটে।",[dev seed] Known hypersensitivity.,[dev seed] Use only as directed by the prescriber.,[dev seed] গ্লিক্লাজাইড: চিকিৎসকের নির্দেশ অনুযায়ী ওষুধ খান; সমস্যা হলে যোগাযোগ করুন।,1
sitagliptin,sitagliptin,[dev seed] Sitagliptin: indications as per the current national formulary.,[dev seed] সিটাগ্লিপটিন: জাতীয় ফর্মুলারি অনুযায়ী ব্যবহার।,"[dev seed] Sitagliptin: common side effects include nausea, headache and hypersensitivity reactions; see the leaflet.","[dev seed] সিটাগ্লিপটিন: সাধারণ পার্শ্বপ্রতিক্রিয়া বমি ভাব, মাথাব্যথা ও অ্যালার্জি; বিস্তারিত লিফলেটে।",[dev seed] Known hypersensitivity.,[dev seed] Use only as directed by the prescriber.,[dev seed] সিটাগ্লিপটিন: চিকিৎসকের নির্দেশ অনুযায়ী ওষুধ খান; সমস্যা হলে যোগাযোগ করুন।,1
insulin-human-70-30,insulin-human-70-30,[dev seed] Insulin human 70/30: indications as per the current national formulary.,[dev seed] হিউম্যান ইনসুলিন ৭০/৩০: জাতীয় ফর্মুলারি অনুযায়ী ব্যবহার।,"[dev seed] Insulin human 70/30: common side effects include nausea, headache and hypersensitivity reactions; see the leaflet.","[dev seed] হিউম্যান ইনসুলিন ৭০/৩০: সাধারণ পার্শ্বপ্রতিক্রিয়া বমি ভাব, মাথাব্যথা ও অ্যালার্জি; বিস্তারিত লিফলেটে।",[dev seed] Known hypersensitivity.,[dev seed] Use only as directed by the prescriber.,[dev seed] হিউম্যান ইনসুলিন ৭০/৩০: চিকিৎসকের নির্দেশ অনুযায়ী ওষুধ খান; সমস্যা হলে যোগাযোগ করুন।,1
amlodipine,amlodipine,Hypertension and angina.,উচ্চ রক্তচাপ ও অ্যানজাইনা।,"Ankle swelling, flushing, headache, palpitations.","পায়ের গোড়ালি ফোলা, মুখ লাল হওয়া, মাথাব্যথা।",Cardiogenic shock; severe aortic stenosis.,Do not stop suddenly without advice.,প্রতিদিন একই সময়ে খান। নিজে থেকে বন্ধ করবেন না।,1
losartan,losartan,Hypertension; diabetic nephropathy; heart failure.,"উচ্চ রক্তচাপ, ডায়াবেটিসজনিত কিডনি রোগ।","Dizziness, high potassium, raised creatinine.","মাথা ঘোরা, রক্তে পটাশিয়াম বৃদ্ধি।",Pregnancy; bilateral renal artery stenosis.,Check potassium and creatinine after starting.,গর্ভবতী হলে বা হতে চাইলে চিকিৎসককে জানান।,1
enalapril,enalapril,[dev seed] Enalapril: indications as per the current national formulary.,[dev seed] ইনালাপ্রিল: জাতীয় ফর্মুলারি অনুযায়ী ব্যবহার।,"[dev seed] Enalapril: common side effects include nausea, headache and hypersensitivity reactions; see the leaflet.","[dev seed] ইনালাপ্রিল: সাধারণ পার্শ্বপ্রতিক্রিয়া বমি ভাব, মাথাব্যথা ও অ্যালার্জি; বিস্তারিত লিফলেটে।",[dev seed] Known hypersensitivity.,[dev seed] Use only as directed by the prescriber.,[dev seed] ইনালাপ্রিল: চিকিৎসকের নির্দেশ অনুযায়ী ওষুধ খান; সমস্যা হলে যোগাযোগ করুন।,1
bisoprolol,bisoprolol,[dev seed] Bisoprolol: indications as per the current national formulary.,[dev seed] বিসোপ্রোলল: জাতীয় ফর্মুলারি অনুযায়ী ব্যবহার।,"[dev seed] Bisoprolol: common side effects include nausea, headache and hypersensitivity reactions; see the leaflet.","[dev seed] বিসোপ্রোলল: সাধারণ পার্শ্বপ্রতিক্রিয়া বমি ভাব, মাথাব্যথা ও অ্যালার্জি; বিস্তারিত লিফলেটে।",[dev seed] Known hypersensitivity.,[dev seed] Use only as directed by the prescriber.,[dev seed] বিসোপ্রোলল: চিকিৎসকের নির্দেশ অনুযায়ী ওষুধ খান; সমস্যা হলে যোগাযোগ করুন।,1
atenolol,atenolol,[dev seed] Atenolol: indications as per the current national formulary.,[dev seed] অ্যাটেনোলল: জাতীয় ফর্মুলারি অনুযায়ী ব্যবহার।,"[dev seed] Atenolol: common side effects include nausea, headache and hypersensitivity reactions; see the leaflet.","[dev seed] অ্যাটেনোলল: সাধারণ পার্শ্বপ্রতিক্রিয়া বমি ভাব, মাথাব্যথা ও অ্যালার্জি; বিস্তারিত লিফলেটে।",[dev seed] Known hypersensitivity.,[dev seed] Use only as directed by the prescriber.,[dev seed] অ্যাটেনোলল: চিকিৎসকের নির্দেশ অনুযায়ী ওষুধ খান; সমস্যা হলে যোগাযোগ করুন।,1
frusemide,frusemide,[dev seed] Frusemide: indications as per the current national formulary.,[dev seed] ফ্রুসেমাইড: জাতীয় ফর্মুলারি অনুযায়ী ব্যবহার।,"[dev seed] Frusemide: common side effects include nausea, headache and hypersensitivity reactions; see the leaflet.","[dev seed] ফ্রুসেমাইড: সাধারণ পার্শ্বপ্রতিক্রিয়া বমি ভাব, মাথাব্যথা ও অ্যালার্জি; বিস্তারিত লিফলেটে।",[dev seed] Known hypersensitivity.,[dev seed] Use only as directed by the prescriber.,[dev seed] ফ্রুসেমাইড: চিকিৎসকের নির্দেশ অনুযায়ী ওষুধ খান; সমস্যা হলে যোগাযোগ করুন।,1
spironolactone,spironolactone,[dev seed] Spironolactone: indications as per the current national formulary.,[dev seed] স্পাইরোনোল্যাকটন: জাতীয় ফর্মুলারি অনুযায়ী ব্যবহার।,"[dev seed] Spironolactone: common side effects include nausea, headache and hypersensitivity reactions; see the leaflet.","[dev seed] স্পাইরোনোল্যাকটন: সাধারণ পার্শ্বপ্রতিক্রিয়া বমি ভাব, মাথাব্যথা ও অ্যালার্জি; বিস্তারিত লিফলেটে।",[dev seed] Known hypersensitivity.,[dev seed] Use only as directed by the prescriber.,[dev seed] স্পাইরোনোল্যাকটন: চিকিৎসকের নির্দেশ অনুযায়ী ওষুধ খান; সমস্যা হলে যোগাযোগ করুন।,1
atorvastatin,atorvastatin,High cholesterol; cardiovascular risk reduction.,উচ্চ কোলেস্টেরল; হৃদরোগ প্রতিরোধ।,"Muscle pain, raised liver enzymes, headache.","পেশির ব্যথা, লিভার এনজাইম বৃদ্ধি।",Active liver disease; pregnancy and breastfeeding.,Report unexplained muscle pain or dark urine.,রাতে খান। পেশিতে ব্যথা হলে চিকিৎসককে জানান।,1
rosuvastatin,rosuvastatin,[dev seed] Rosuvastatin: indications as per the current national formulary.,[dev seed] রোসুভাস্টাটিন: জাতীয় ফর্মুলারি অনুযায়ী ব্যবহার।,"[dev seed] Rosuvastatin: common side effects include nausea, headache and hypersensitivity reactions; see the leaflet.","[dev seed] রোসুভাস্টাটিন: সাধারণ পার্শ্বপ্রতিক্রিয়া বমি ভাব, মাথাব্যথা ও অ্যালার্জি; বিস্তারিত লিফলেটে।",[dev seed] Known hypersensitivity.,[dev seed] Use only as directed by the prescriber.,[dev seed] রোসুভাস্টাটিন: চিকিৎসকের নির্দেশ অনুযায়ী ওষুধ খান; সমস্যা হলে যোগাযোগ করুন।,1
clopidogrel,clopidogrel,[dev seed] Clopidogrel: indications as per the current national formulary.,[dev seed] ক্লোপিডোগ্রেল: জাতীয় ফর্মুলারি অনুযায়ী ব্যবহার।,"[dev seed] Clopidogrel: common side effects include nausea, headache and hypersensitivity reactions; see the leaflet.","[dev seed] ক্লোপিডোগ্রেল: সাধারণ পার্শ্বপ্রতিক্রিয়া বমি ভাব, মাথাব্যথা ও অ্যালার্জি; বিস্তারিত লিফলেটে।",[dev seed] Known hypersensitivity.,[dev seed] Use only as directed by the prescriber.,[dev seed] ক্লোপিডোগ্রেল: চিকিৎসকের নির্দেশ অনুযায়ী ওষুধ খান; সমস্যা হলে যোগাযোগ করুন।,1
warfarin,warfarin,[dev seed] Warfarin: indications as per the current national formulary.,[dev seed] ওয়ারফারিন: জাতীয় ফর্মুলারি অনুযায়ী ব্যবহার।,"[dev seed] Warfarin: common side effects include nausea, headache and hypersensitivity reactions; see the leaflet.","[dev seed] ওয়ারফারিন: সাধারণ পার্শ্বপ্রতিক্রিয়া বমি ভাব, মাথাব্যথা ও অ্যালার্জি; বিস্তারিত লিফলেটে।",[dev seed] Known hypersensitivity.,[dev seed] Use only as directed by the prescriber.,[dev seed] ওয়ারফারিন: চিকিৎসকের নির্দেশ অনুযায়ী ওষুধ খান; সমস্যা হলে যোগাযোগ করুন।,1
levothyroxine,levothyroxine,[dev seed] Levothyroxine: indications as per the current national formulary.,[dev seed] লেভোথাইরক্সিন: জাতীয় ফর্মুলারি অনুযায়ী ব্যবহার।,"[dev seed] Levothyroxine: common side effects include nausea, headache and hypersensitivity reactions; see the leaflet.","[dev seed] লেভোথাইরক্সিন: সাধারণ পার্শ্বপ্রতিক্রিয়া বমি ভাব, মাথাব্যথা ও অ্যালার্জি; বিস্তারিত লিফলেটে।",[dev seed] Known hypersensitivity.,[dev seed] Use only as directed by the prescriber.,[dev seed] লেভোথাইরক্সিন: চিকিৎসকের নির্দেশ অনুযায়ী ওষুধ খান; সমস্যা হলে যোগাযোগ করুন।,1
amitriptyline,amitriptyline,[dev seed] Amitriptyline: indications as per the current national formulary.,[dev seed] অ্যামিট্রিপটাইলিন: জাতীয় ফর্মুলারি অনুযায়ী ব্যবহার।,"[dev seed] Amitriptyline: common side effects include nausea, headache and hypersensitivity reactions; see the leaflet.","[dev seed] অ্যামিট্রিপটাইলিন: সাধারণ পার্শ্বপ্রতিক্রিয়া বমি ভাব, মাথাব্যথা ও অ্যালার্জি; বিস্তারিত লিফলেটে।",[dev seed] Known hypersensitivity.,[dev seed] Use only as directed by the prescriber.,[dev seed] অ্যামিট্রিপটাইলিন: চিকিৎসকের নির্দেশ অনুযায়ী ওষুধ খান; সমস্যা হলে যোগাযোগ করুন।,1
sertraline,sertraline,[dev seed] Sertraline: indications as per the current national formulary.,[dev seed] সারট্রালিন: জাতীয় ফর্মুলারি অনুযায়ী ব্যবহার।,"[dev seed] Sertraline: common side effects include nausea, headache and hypersensitivity reactions; see the leaflet.","[dev seed] সারট্রালিন: সাধারণ পার্শ্বপ্রতিক্রিয়া বমি ভাব, মাথাব্যথা ও অ্যালার্জি; বিস্তারিত লিফলেটে।",[dev seed] Known hypersensitivity.,[dev seed] Use only as directed by the prescriber.,[dev seed] সারট্রালিন: চিকিৎসকের নির্দেশ অনুযায়ী ওষুধ খান; সমস্যা হলে যোগাযোগ করুন।,1
clonazepam,clonazepam,[dev seed] Clonazepam: indications as per the current national formulary.,[dev seed] ক্লোনাজেপাম: জাতীয় ফর্মুলারি অনুযায়ী ব্যবহার।,"[dev seed] Clonazepam: common side effects include nausea, headache and hypersensitivity reactions; see the leaflet.","[dev seed] ক্লোনাজেপাম: সাধারণ পার্শ্বপ্রতিক্রিয়া বমি ভাব, মাথাব্যথা ও অ্যালার্জি; বিস্তারিত লিফলেটে।",[dev seed] Known hypersensitivity.,[dev seed] Use only as directed by the prescriber.,[dev seed] ক্লোনাজেপাম: চিকিৎসকের নির্দেশ অনুযায়ী ওষুধ খান; সমস্যা হলে যোগাযোগ করুন।,1
diazepam,diazepam,[dev seed] Diazepam: indications as per the current national formulary.,[dev seed] ডায়াজেপাম: জাতীয় ফর্মুলারি অনুযায়ী ব্যবহার।,"[dev seed] Diazepam: common side effects include nausea, headache and hypersensitivity reactions; see the leaflet.","[dev seed] ডায়াজেপাম: সাধারণ পার্শ্বপ্রতিক্রিয়া বমি ভাব, মাথাব্যথা ও অ্যালার্জি; বিস্তারিত লিফলেটে।",[dev seed] Known hypersensitivity.,[dev seed] Use only as directed by the prescriber.,[dev seed] ডায়াজেপাম: চিকিৎসকের নির্দেশ অনুযায়ী ওষুধ খান; সমস্যা হলে যোগাযোগ করুন।,1
allopurinol,allopurinol,[dev seed] Allopurinol: indications as per the current national formulary.,[dev seed] অ্যালোপিউরিনল: জাতীয় ফর্মুলারি অনুযায়ী ব্যবহার।,"[dev seed] Allopurinol: common side effects include nausea, headache and hypersensitivity reactions; see the leaflet.","[dev seed] অ্যালোপিউরিনল: সাধারণ পার্শ্বপ্রতিক্রিয়া বমি ভাব, মাথাব্যথা ও অ্যালার্জি; বিস্তারিত লিফলেটে।",[dev seed] Known hypersensitivity.,[dev seed] Use only as directed by the prescriber.,[dev seed] অ্যালোপিউরিনল: চিকিৎসকের নির্দেশ অনুযায়ী ওষুধ খান; সমস্যা হলে যোগাযোগ করুন।,1
oral-rehydration-salts,oral-rehydration-salts,[dev seed] Oral rehydration salts: indications as per the current national formulary.,[dev seed] ওরাল স্যালাইন: জাতীয় ফর্মুলারি অনুযায়ী ব্যবহার।,"[dev seed] Oral rehydration salts: common side effects include nausea, headache and hypersensitivity reactions; see the leaflet.","[dev seed] ওরাল স্যালাইন: সাধারণ পার্শ্বপ্রতিক্রিয়া বমি ভাব, মাথাব্যথা ও অ্যালার্জি; বিস্তারিত লিফলেটে।",[dev seed] Known hypersensitivity.,[dev seed] Use only as directed by the prescriber.,[dev seed] ওরাল স্যালাইন: চিকিৎসকের নির্দেশ অনুযায়ী ওষুধ খান; সমস্যা হলে যোগাযোগ করুন।,1
zinc-sulfate,zinc-sulfate,[dev seed] Zinc sulfate: indications as per the current national formulary.,[dev seed] জিংক সালফেট: জাতীয় ফর্মুলারি অনুযায়ী ব্যবহার।,"[dev seed] Zinc sulfate: common side effects include nausea, headache and hypersensitivity reactions; see the leaflet.","[dev seed] জিংক সালফেট: সাধারণ পার্শ্বপ্রতিক্রিয়া বমি ভাব, মাথাব্যথা ও অ্যালার্জি; বিস্তারিত লিফলেটে।",[dev seed] Known hypersensitivity.,[dev seed] Use only as directed by the prescriber.,[dev seed] জিংক সালফেট: চিকিৎসকের নির্দেশ অনুযায়ী ওষুধ খান; সমস্যা হলে যোগাযোগ করুন।,1
calcium-carbonate-vitamin-d3,calcium-carbonate-vitamin-d3,[dev seed] Calcium carbonate + Vitamin D3: indications as per the current national formulary.,[dev seed] ক্যালসিয়াম কার্বোনেট + ভিটামিন ডি৩: জাতীয় ফর্মুলারি অনুযায়ী ব্যবহার।,"[dev seed] Calcium carbonate + Vitamin D3: common side effects include nausea, headache and hypersensitivity reactions; see the leaflet.","[dev seed] ক্যালসিয়াম কার্বোনেট + ভিটামিন ডি৩: সাধারণ পার্শ্বপ্রতিক্রিয়া বমি ভাব, মাথাব্যথা ও অ্যালার্জি; বিস্তারিত লিফলেটে।",[dev seed] Known hypersensitivity.,[dev seed] Use only as directed by the prescriber.,[dev seed] ক্যালসিয়াম কার্বোনেট + ভিটামিন ডি৩: চিকিৎসকের নির্দেশ অনুযায়ী ওষুধ খান; সমস্যা হলে যোগাযোগ করুন।,1
ferrous-sulfate,ferrous-sulfate,[dev seed] Ferrous sulfate: indications as per the current national formulary.,[dev seed] ফেরাস সালফেট: জাতীয় ফর্মুলারি অনুযায়ী ব্যবহার।,"[dev seed] Ferrous sulfate: common side effects include nausea, headache and hypersensitivity reactions; see the leaflet.","[dev seed] ফেরাস সালফেট: সাধারণ পার্শ্বপ্রতিক্রিয়া বমি ভাব, মাথাব্যথা ও অ্যালার্জি; বিস্তারিত লিফলেটে।",[dev seed] Known hypersensitivity.,[dev seed] Use only as directed by the prescriber.,[dev seed] ফেরাস সালফেট: চিকিৎসকের নির্দেশ অনুযায়ী ওষুধ খান; সমস্যা হলে যোগাযোগ করুন।,1
clavulanic-acid,clavulanic-acid,[dev seed] Clavulanic acid: indications as per the current national formulary.,[dev seed] ক্ল্যাভুল্যানিক অ্যাসিড: জাতীয় ফর্মুলারি অনুযায়ী ব্যবহার।,"[dev seed] Clavulanic acid: common side effects include nausea, headache and hypersensitivity reactions; see the leaflet.","[dev seed] ক্ল্যাভুল্যানিক অ্যাসিড: সাধারণ পার্শ্বপ্রতিক্রিয়া বমি ভাব, মাথাব্যথা ও অ্যালার্জি; বিস্তারিত লিফলেটে।",[dev seed] Known hypersensitivity.,[dev seed] Use only as directed by the prescriber.,[dev seed] ক্ল্যাভুল্যানিক অ্যাসিড: চিকিৎসকের নির্দেশ অনুযায়ী ওষুধ খান; সমস্যা হলে যোগাযোগ করুন।,1
sulfamethoxazole,sulfamethoxazole,[dev seed] Sulfamethoxazole: indications as per the current national formulary.,[dev seed] সালফামেথক্সাজল: জাতীয় ফর্মুলারি অনুযায়ী ব্যবহার।,"[dev seed] Sulfamethoxazole: common side effects include nausea, headache and hypersensitivity reactions; see the leaflet.","[dev seed] সালফামেথক্সাজল: সাধারণ পার্শ্বপ্রতিক্রিয়া বমি ভাব, মাথাব্যথা ও অ্যালার্জি; বিস্তারিত লিফলেটে।",[dev seed] Known hypersensitivity.,[dev seed] Use only as directed by the prescriber.,[dev seed] সালফামেথক্সাজল: চিকিৎসকের নির্দেশ অনুযায়ী ওষুধ খান; সমস্যা হলে যোগাযোগ করুন।,1
trimethoprim,trimethoprim,[dev seed] Trimethoprim: indications as per the current national formulary.,[dev seed] ট্রাইমেথোপ্রিম: জাতীয় ফর্মুলারি অনুযায়ী ব্যবহার।,"[dev seed] Trimethoprim: common side effects include nausea, headache and hypersensitivity reactions; see the leaflet.","[dev seed] ট্রাইমেথোপ্রিম: সাধারণ পার্শ্বপ্রতিক্রিয়া বমি ভাব, মাথাব্যথা ও অ্যালার্জি; বিস্তারিত লিফলেটে।",[dev seed] Known hypersensitivity.,[dev seed] Use only as directed by the prescriber.,[dev seed] ট্রাইমেথোপ্রিম: চিকিৎসকের নির্দেশ অনুযায়ী ওষুধ খান; সমস্যা হলে যোগাযোগ করুন।,1
salmeterol,salmeterol,[dev seed] Salmeterol: indications as per the current national formulary.,[dev seed] সালমেটেরল: জাতীয় ফর্মুলারি অনুযায়ী ব্যবহার।,"[dev seed] Salmeterol: common side effects include nausea, headache and hypersensitivity reactions; see the leaflet.","[dev seed] সালমেটেরল: সাধারণ পার্শ্বপ্রতিক্রিয়া বমি ভাব, মাথাব্যথা ও অ্যালার্জি; বিস্তারিত লিফলেটে।",[dev seed] Known hypersensitivity.,[dev seed] Use only as directed by the prescriber.,[dev seed] সালমেটেরল: চিকিৎসকের নির্দেশ অনুযায়ী ওষুধ খান; সমস্যা হলে যোগাযোগ করুন।,1
fluticasone,fluticasone,[dev seed] Fluticasone: indications as per the current national formulary.,[dev seed] ফ্লুটিকাসন: জাতীয় ফর্মুলারি অনুযায়ী ব্যবহার।,"[dev seed] Fluticasone: common side effects include nausea, headache and hypersensitivity reactions; see the leaflet.","[dev seed] ফ্লুটিকাসন: সাধারণ পার্শ্বপ্রতিক্রিয়া বমি ভাব, মাথাব্যথা ও অ্যালার্জি; বিস্তারিত লিফলেটে।",[dev seed] Known hypersensitivity.,[dev seed] Use only as directed by the prescriber.,[dev seed] ফ্লুটিকাসন: চিকিৎসকের নির্দেশ অনুযায়ী ওষুধ খান; সমস্যা হলে যোগাযোগ করুন।,1
calcium-carbonate,calcium-carbonate,[dev seed] Calcium carbonate: indications as per the current national formulary.,[dev seed] ক্যালসিয়াম কার্বোনেট: জাতীয় ফর্মুলারি অনুযায়ী ব্যবহার।,"[dev seed] Calcium carbonate: common side effects include nausea, headache and hypersensitivity reactions; see the leaflet.","[dev seed] ক্যালসিয়াম কার্বোনেট: সাধারণ পার্শ্বপ্রতিক্রিয়া বমি ভাব, মাথাব্যথা ও অ্যালার্জি; বিস্তারিত লিফলেটে।",[dev seed] Known hypersensitivity.,[dev seed] Use only as directed by the prescriber.,[dev seed] ক্যালসিয়াম কার্বোনেট: চিকিৎসকের নির্দেশ অনুযায়ী ওষুধ খান; সমস্যা হলে যোগাযোগ করুন।,1
vitamin-d3,vitamin-d3,[dev seed] Vitamin D3: indications as per the current national formulary.,[dev seed] ভিটামিন ডি৩: জাতীয় ফর্মুলারি অনুযায়ী ব্যবহার।,"[dev seed] Vitamin D3: common side effects include nausea, headache and hypersensitivity reactions; see the leaflet.","[dev seed] ভিটামিন ডি৩: সাধারণ পার্শ্বপ্রতিক্রিয়া বমি ভাব, মাথাব্যথা ও অ্যালার্জি; বিস্তারিত লিফলেটে।",[dev seed] Known hypersensitivity.,[dev seed] Use only as directed by the prescriber.,[dev seed] ভিটামিন ডি৩: চিকিৎসকের নির্দেশ অনুযায়ী ওষুধ খান; সমস্যা হলে যোগাযোগ করুন।,1
